{"num_patients": 100480, "num_hospitals": 773, "fevalence_is_pcdvalence": true, "count_wmfe": 32, "count_pmfe": 12, "percent_wmfe": 0.04139715394566624, "percent_pmfe": 0.015523932729624839}