{"hospitalID": 330154, "n_w": 635, "n_p": 197, "u_w": 341, "u_p": 100, "day_ind_on_0_199": [121, 122, 123, 124, 125, 126, 127, 128, 129, 130, 131, 132, 133, 134, 135, 136, 137, 138, 139, 140, 141, 142, 143, 144, 145, 146, 147, 148, 149, 150, 151, 152, 153, 154, 155, 156, 157, 158, 159, 160, 161, 162, 163, 164, 165, 166, 167, 168, 169, 170, 171, 172, 173, 174, 175, 176, 177, 178, 179, 180, 181, 182, 183, 184, 185, 186, 187, 188, 189, 190, 191, 192, 193, 194, 195, 196, 197, 198, 199], "min_beneficiary_count": [11.0, 11.0, 12.0, 12.0, 12.0, 14.0, 15.0, 15.0, 15.0, 15.0, 15.0, 15.0, 15.0, 15.0, 15.0, 15.0, 16.0, 19.0, 19.0, 19.0, 19.0, 21.0, 21.0, 22.0, 22.0, 22.0, 24.0, 24.0, 25.0, 26.0, 28.0, 30.0, 31.0, 32.0, 32.0, 32.0, 32.0, 32.0, 33.0, 33.0, 33.0, 33.0, 33.0, 34.0, 35.0, 35.0, 37.0, 37.0, 39.0, 41.0, 45.0, 45.0, 46.0, 46.0, 49.0, 51.0, 51.0, 52.0, 54.0, 58.0, 62.0, 64.0, 65.0, 65.0, 68.0, 69.0, 70.0, 72.0, 73.0, 74.0, 75.0, 80.0, 80.0, 83.0, 83.0, 86.0, 90.0, 91.0, 93.0], "min_non_beneficiary_count": [615.0, 615.0, 613.0, 613.0, 612.0, 612.0, 611.0, 607.0, 607.0, 605.0, 605.0, 605.0, 605.0, 603.0, 602.0, 602.0, 601.0, 597.0, 595.0, 595.0, 592.0, 591.0, 589.0, 588.0, 587.0, 587.0, 586.0, 585.0, 585.0, 584.0, 581.0, 577.0, 576.0, 576.0, 573.0, 571.0, 570.0, 570.0, 568.0, 568.0, 566.0, 564.0, 561.0, 558.0, 555.0, 551.0, 549.0, 548.0, 544.0, 541.0, 538.0, 536.0, 532.0, 528.0, 525.0, 522.0, 518.0, 511.0, 506.0, 504.0, 497.0, 489.0, 483.0, 476.0, 472.0, 466.0, 460.0, 453.0, 450.0, 442.0, 434.0, 429.0, 418.0, 404.0, 383.0, 373.0, 359.0, 340.0, 314.0], "w_util": [0.031496062992125984, 0.031496062992125984, 0.03464566929133858, 0.03464566929133858, 0.03622047244094488, 0.03622047244094488, 0.03779527559055118, 0.04409448818897638, 0.04409448818897638, 0.047244094488188976, 0.047244094488188976, 0.047244094488188976, 0.047244094488188976, 0.050393700787401574, 0.05196850393700787, 0.05196850393700787, 0.05354330708661417, 0.05984251968503937, 0.06299212598425197, 0.06299212598425197, 0.06771653543307087, 0.06929133858267716, 0.07244094488188976, 0.07401574803149606, 0.07559055118110236, 0.07559055118110236, 0.07716535433070866, 0.07874015748031496, 0.07874015748031496, 0.08031496062992126, 0.08503937007874016, 0.09133858267716535, 0.09291338582677165, 0.09291338582677165, 0.09763779527559055, 0.10078740157480315, 0.10236220472440945, 0.10236220472440945, 0.10551181102362205, 0.10551181102362205, 0.10866141732283464, 0.11181102362204724, 0.11653543307086614, 0.12125984251968504, 0.12598425196850394, 0.13228346456692913, 0.13543307086614173, 0.13700787401574804, 0.14330708661417324, 0.14803149606299212, 0.15275590551181104, 0.15590551181102363, 0.16220472440944883, 0.16850393700787403, 0.1732283464566929, 0.17795275590551182, 0.18425196850393702, 0.1952755905511811, 0.2031496062992126, 0.2062992125984252, 0.2173228346456693, 0.22992125984251968, 0.23937007874015748, 0.2503937007874016, 0.2566929133858268, 0.26614173228346455, 0.2755905511811024, 0.2866141732283465, 0.29133858267716534, 0.30393700787401573, 0.3165354330708661, 0.32440944881889766, 0.3417322834645669, 0.3637795275590551, 0.3968503937007874, 0.4125984251968504, 0.4346456692913386, 0.4645669291338583, 0.5055118110236221], "p_util": [0.05583756345177665, 0.05583756345177665, 0.06091370558375635, 0.06091370558375635, 0.06091370558375635, 0.07106598984771574, 0.07614213197969544, 0.07614213197969544, 0.07614213197969544, 0.07614213197969544, 0.07614213197969544, 0.07614213197969544, 0.07614213197969544, 0.07614213197969544, 0.07614213197969544, 0.07614213197969544, 0.08121827411167512, 0.09644670050761421, 0.09644670050761421, 0.09644670050761421, 0.09644670050761421, 0.1065989847715736, 0.1065989847715736, 0.1116751269035533, 0.1116751269035533, 0.1116751269035533, 0.1218274111675127, 0.1218274111675127, 0.12690355329949238, 0.1319796954314721, 0.14213197969543148, 0.15228426395939088, 0.15736040609137056, 0.16243654822335024, 0.16243654822335024, 0.16243654822335024, 0.16243654822335024, 0.16243654822335024, 0.16751269035532995, 0.16751269035532995, 0.16751269035532995, 0.16751269035532995, 0.16751269035532995, 0.17258883248730963, 0.17766497461928935, 0.17766497461928935, 0.18781725888324874, 0.18781725888324874, 0.19796954314720813, 0.20812182741116753, 0.22842639593908629, 0.22842639593908629, 0.233502538071066, 0.233502538071066, 0.24873096446700507, 0.25888324873096447, 0.25888324873096447, 0.2639593908629442, 0.27411167512690354, 0.29441624365482233, 0.3147208121827411, 0.3248730964467005, 0.3299492385786802, 0.3299492385786802, 0.34517766497461927, 0.350253807106599, 0.3553299492385787, 0.36548223350253806, 0.37055837563451777, 0.3756345177664975, 0.38071065989847713, 0.40609137055837563, 0.40609137055837563, 0.4213197969543147, 0.4213197969543147, 0.4365482233502538, 0.45685279187817257, 0.4619289340101523, 0.4720812182741117], "diffSignal": [-0.024341500459650667, -0.024341500459650667, -0.026268036292417765, -0.026268036292417765, -0.024693233142811466, -0.03484551740677086, -0.03834685638914426, -0.03204764379071906, -0.03204764379071906, -0.028898037491506462, -0.028898037491506462, -0.028898037491506462, -0.028898037491506462, -0.025748431192293864, -0.024173628042687564, -0.024173628042687564, -0.027674967025060948, -0.03660418082257484, -0.03345457452336224, -0.03345457452336224, -0.028730165074543346, -0.03730764618889644, -0.03415803988968384, -0.03765937887205724, -0.03608457572245094, -0.03608457572245094, -0.044662056836804034, -0.043087253687197735, -0.04816339581917742, -0.05166473480155083, -0.057092609616691326, -0.06094568128222552, -0.0644470202645989, -0.06952316239657859, -0.06479875294775969, -0.06164914664854709, -0.060074343498940794, -0.060074343498940794, -0.062000879331707906, -0.062000879331707906, -0.05885127303249531, -0.05570166673328271, -0.05097725728446381, -0.0513289899676246, -0.05168072265078541, -0.04538151005236021, -0.05238418801710701, -0.050809384867500695, -0.05466245653303489, -0.0600903313481754, -0.07567049042727525, -0.07252088412806265, -0.07129781366161717, -0.06499860106319197, -0.07550261801031216, -0.08093049282545264, -0.07463128022702745, -0.06868380031176308, -0.07096206882769093, -0.08811703105639712, -0.09739797753707183, -0.0949518366041808, -0.09057915983852272, -0.07955553779127861, -0.08848475158879249, -0.08411207482313443, -0.07973939805747632, -0.07886806027419158, -0.07921979295735243, -0.07169750989248175, -0.06417522682761101, -0.08168192173947797, -0.06435908709380872, -0.05754026939525958, -0.02446940325352731, -0.023949798153403368, -0.022207122586833994, 0.002637995123705994, 0.03343059274951038],